{"batch_loss": 1.0837563276290894, "batch_accuracy": 0.8515625, "batch": 22, "_timestamp": 1731598131.2318687, "_runtime": 83.02979278564453, "_step": 22, "_wandb": {"runtime": 85}}