{"batch_loss": 0.0017975232331082225, "batch_accuracy": 1.0, "batch": 8975, "_timestamp": 1731628960.6898763, "_runtime": 8592.486131429672, "_step": 8978, "epoch": 2, "train_loss": 0.8336167858762182, "train_accuracy": 93.57300522933161, "val_loss": 0.7137605690292284, "val_accuracy": 95.08710364707356, "confusion_matrix_table": {"_type": "table-file", "sha256": "56cb104a7e7925c15ac7f7c99cd2f5afbfaa2e0c2f41b86a4204d9307760e3cb", "size": 188, "artifact_path": "wandb-client-artifact://tkwtoqb43cbh1e2az3hrojebk5lz1o3pwy9qycgssbjvxl4uef4my9g92lxp3lgi8lryuggk9cyy3a7zl7ri6sht3r45d47ptp063dtc25kdudxprn7z9n25s38jnzho:latest/confusion_matrix_table.table.json", "_latest_artifact_path": "wandb-client-artifact://tkwtoqb43cbh1e2az3hrojebk5lz1o3pwy9qycgssbjvxl4uef4my9g92lxp3lgi8lryuggk9cyy3a7zl7ri6sht3r45d47ptp063dtc25kdudxprn7z9n25s38jnzho:latest/confusion_matrix_table.table.json", "path": "media/table/confusion_matrix_table_8978_56cb104a7e7925c15ac7.table.json", "ncols": 3, "nrows": 4}, "_wandb": {"runtime": 8591}}