{"batch_loss": 0.31433525681495667, "batch_accuracy": 0.9655172228813171, "batch": 8975, "_timestamp": 1731597347.4064279, "_runtime": 9586.892714977264, "_step": 8976, "epoch": 1, "train_loss": 0.5548454263702411, "train_accuracy": 93.81532312534381, "val_loss": 0.48447415884838296, "val_accuracy": 94.59205414212308}