{"batch_loss": 0.8418447375297546, "batch_accuracy": 0.931034505367279, "batch": 8975, "_timestamp": 1731606844.1839557, "_runtime": 8588.357487678528, "_step": 8978, "epoch": 2, "train_loss": 0.5836986437897146, "train_accuracy": 94.21431207481217, "val_loss": 0.5001043310656007, "val_accuracy": 94.59832059155282, "confusion_matrix_table": {"_type": "table-file", "sha256": "3712faa48b8b16063a79e088a1ed236c1484bf49d03cb8c9b6817c54fda24a6d", "size": 189, "artifact_path": "wandb-client-artifact://aa3r46monpzqe24tfdrjmbrme7ezsk6bskj06fkz4aag1fj2x82f32uqfz4vax0qxbu4tm9f35068forlqhyu2fnyj6sv3t484539ky2nv3k9mfbq7upkia9i8acno0i:latest/confusion_matrix_table.table.json", "_latest_artifact_path": "wandb-client-artifact://aa3r46monpzqe24tfdrjmbrme7ezsk6bskj06fkz4aag1fj2x82f32uqfz4vax0qxbu4tm9f35068forlqhyu2fnyj6sv3t484539ky2nv3k9mfbq7upkia9i8acno0i:latest/confusion_matrix_table.table.json", "path": "media/table/confusion_matrix_table_8978_3712faa48b8b16063a79.table.json", "ncols": 3, "nrows": 4}, "_wandb": {"runtime": 8587}}