{"batch_loss": 0.05023178085684776, "batch_accuracy": 0.9655172228813171, "batch": 8975, "_timestamp": 1731629451.2444618, "_runtime": 8534.69783782959, "_step": 8978, "epoch": 2, "train_loss": 0.450405772425421, "train_accuracy": 93.15243049027595, "val_loss": 0.47793548805338193, "val_accuracy": 90.05514475498182, "confusion_matrix_table": {"_type": "table-file", "sha256": "19e2d35c572bfd07012f506931aa6ab3d6def47005973463fb7f579e1bf2c5cb", "size": 190, "artifact_path": "wandb-client-artifact://tlfd0xccc52jmapkao7touwx1v9p5ekn4avpaefwabhtno4zm90ld5j1tqyfsj1ftrde4l1fg71l7ki4tae0n3u8ejxdu0smympderq4r84toprgpg33dp578gbe3iz4:latest/confusion_matrix_table.table.json", "_latest_artifact_path": "wandb-client-artifact://tlfd0xccc52jmapkao7touwx1v9p5ekn4avpaefwabhtno4zm90ld5j1tqyfsj1ftrde4l1fg71l7ki4tae0n3u8ejxdu0smympderq4r84toprgpg33dp578gbe3iz4:latest/confusion_matrix_table.table.json", "path": "media/table/confusion_matrix_table_8978_19e2d35c572bfd07012f.table.json", "ncols": 3, "nrows": 4}, "_wandb": {"runtime": 8534}}